{
	"languages": {
		"count": 4,
		"language": [
			{
				"files_to_analyze": [
					{
						"checksum": "19de4f642bd15f3904161a22c0cc9675b2143383",
						"file": "C:\/Users\/Aswin Kumar Dakka\/Downloads\/dvws-master (1)\/dvws-master\/about.php"
					},
					{
						"checksum": "b668ba4ccf3b55d83f80f13189270c3c8a2eeddc",
						"file": "C:\/Users\/Aswin Kumar Dakka\/Downloads\/dvws-master (1)\/dvws-master\/about\/index.php"
					},
					{
						"checksum": "1ed498398a20026eb52c5d7555b62ab7d14e84d1",
						"file": "C:\/Users\/Aswin Kumar Dakka\/Downloads\/dvws-master (1)\/dvws-master\/about\/instructions.php"
					},
					{
						"checksum": "2899ad6597cedf62743e2e14955ca3b9bfc7ab22",
						"file": "C:\/Users\/Aswin Kumar Dakka\/Downloads\/dvws-master (1)\/dvws-master\/appinfo.php"
					},
					{
						"checksum": "a2d4b42f7cf04698ff91d48ae141d487ac86137e",
						"file": "C:\/Users\/Aswin Kumar Dakka\/Downloads\/dvws-master (1)\/dvws-master\/bootstrap.php"
					},
					{
						"checksum": "78bd6c90c6d25246872cf9d722c3d287dbb2493d",
						"file": "C:\/Users\/Aswin Kumar Dakka\/Downloads\/dvws-master (1)\/dvws-master\/index.php"
					},
					{
						"checksum": "a854271022fc9cbfb0115a375f136b696d26dcab",
						"file": "C:\/Users\/Aswin Kumar Dakka\/Downloads\/dvws-master (1)\/dvws-master\/instructions.php"
					},
					{
						"checksum": "8cf4186ce86777b4b408ce308ca9f66dd421f509",
						"file": "C:\/Users\/Aswin Kumar Dakka\/Downloads\/dvws-master (1)\/dvws-master\/js\/bootstrap.js"
					},
					{
						"checksum": "791aa054a026bddc0de92bad6cf7a1c6e73713d5",
						"file": "C:\/Users\/Aswin Kumar Dakka\/Downloads\/dvws-master (1)\/dvws-master\/js\/bootstrap.min.js"
					},
					{
						"checksum": "1797d73e9da4287351f6fbec1b183c19be217c2a",
						"file": "C:\/Users\/Aswin Kumar Dakka\/Downloads\/dvws-master (1)\/dvws-master\/js\/jquery.js"
					},
					{
						"checksum": "5ef580432f31764b704dd096989a47bfebfb2a56",
						"file": "C:\/Users\/Aswin Kumar Dakka\/Downloads\/dvws-master (1)\/dvws-master\/sidebar.php"
					},
					{
						"checksum": "5faba9284f35a96c769dabe33fe0ec396fd58dfe",
						"file": "C:\/Users\/Aswin Kumar Dakka\/Downloads\/dvws-master (1)\/dvws-master\/vulnerabilities\/cmdi\/client.php"
					},
					{
						"checksum": "fb21da7f1504d1b65f15dfee4f306f5a3679eccf",
						"file": "C:\/Users\/Aswin Kumar Dakka\/Downloads\/dvws-master (1)\/dvws-master\/vulnerabilities\/cmdi\/jsonRPCClient.php"
					},
					{
						"checksum": "c91cf3e0174e99a3409bab7835e56223f31a5b1a",
						"file": "C:\/Users\/Aswin Kumar Dakka\/Downloads\/dvws-master (1)\/dvws-master\/vulnerabilities\/cmdi\/jsonRPCServer.php"
					},
					{
						"checksum": "d2fc6f39ceba83ab9301a8f80e81a366b4a45f8f",
						"file": "C:\/Users\/Aswin Kumar Dakka\/Downloads\/dvws-master (1)\/dvws-master\/vulnerabilities\/cmdi\/process.php"
					},
					{
						"checksum": "250728375bd13fd9cfeed09524a1b8516ffab7df",
						"file": "C:\/Users\/Aswin Kumar Dakka\/Downloads\/dvws-master (1)\/dvws-master\/vulnerabilities\/cmdi\/restrictedExample.php"
					},
					{
						"checksum": "ef684447c3b9043a83497e875c06437ef4d36ba7",
						"file": "C:\/Users\/Aswin Kumar Dakka\/Downloads\/dvws-master (1)\/dvws-master\/vulnerabilities\/cmdi\/server.php"
					},
					{
						"checksum": "27d5561a587669f1b0697c3b201108da03a3ee83",
						"file": "C:\/Users\/Aswin Kumar Dakka\/Downloads\/dvws-master (1)\/dvws-master\/vulnerabilities\/cors\/client.php"
					},
					{
						"checksum": "6873bb399eb699a682d45584f3ae160e810fd45c",
						"file": "C:\/Users\/Aswin Kumar Dakka\/Downloads\/dvws-master (1)\/dvws-master\/vulnerabilities\/cors\/server.php"
					},
					{
						"checksum": "95e71ff347535b6537118b804f2fda90c09759f1",
						"file": "C:\/Users\/Aswin Kumar Dakka\/Downloads\/dvws-master (1)\/dvws-master\/vulnerabilities\/jwt\/api.php"
					},
					{
						"checksum": "23eb2d1dab6ab5108f42ada46b0642609f677097",
						"file": "C:\/Users\/Aswin Kumar Dakka\/Downloads\/dvws-master (1)\/dvws-master\/vulnerabilities\/jwt\/auth.php"
					},
					{
						"checksum": "73fad7b0ccf03c9b088b5147a506ffca8fcb3068",
						"file": "C:\/Users\/Aswin Kumar Dakka\/Downloads\/dvws-master (1)\/dvws-master\/vulnerabilities\/jwt\/login.php"
					},
					{
						"checksum": "e066fbad8693dabfc5a509e76dae50bee6e278a4",
						"file": "C:\/Users\/Aswin Kumar Dakka\/Downloads\/dvws-master (1)\/dvws-master\/vulnerabilities\/jwt\/login_token.php"
					},
					{
						"checksum": "92a12a54ba16aa9d2ddce61bbd6cbb96e7009c40",
						"file": "C:\/Users\/Aswin Kumar Dakka\/Downloads\/dvws-master (1)\/dvws-master\/vulnerabilities\/some\/index.php"
					},
					{
						"checksum": "e8ffefe9a8cc9338d8b6cebbbb5ad219acef290d",
						"file": "C:\/Users\/Aswin Kumar Dakka\/Downloads\/dvws-master (1)\/dvws-master\/vulnerabilities\/some\/token_generator.php"
					},
					{
						"checksum": "defc52db36feed785e7f3b681401d4ad4f8e08ef",
						"file": "C:\/Users\/Aswin Kumar Dakka\/Downloads\/dvws-master (1)\/dvws-master\/vulnerabilities\/sqli\/api.php"
					},
					{
						"checksum": "31546e29789d783eb64ff6d3b64b0fc3f1d0c6ec",
						"file": "C:\/Users\/Aswin Kumar Dakka\/Downloads\/dvws-master (1)\/dvws-master\/vulnerabilities\/sqli\/index.php"
					},
					{
						"checksum": "eac1e3a31df2c519673b821814e512f818e7396e",
						"file": "C:\/Users\/Aswin Kumar Dakka\/Downloads\/dvws-master (1)\/dvws-master\/vulnerabilities\/sqli\/test.php"
					},
					{
						"checksum": "6b78cbbf678db5fd5bb56f44c6a85c0878346486",
						"file": "C:\/Users\/Aswin Kumar Dakka\/Downloads\/dvws-master (1)\/dvws-master\/vulnerabilities\/ssrf\/index.php"
					},
					{
						"checksum": "e88e2252671c28652e908720cfdf0d316b2373e7",
						"file": "C:\/Users\/Aswin Kumar Dakka\/Downloads\/dvws-master (1)\/dvws-master\/vulnerabilities\/ssrf\/lib\/compat\/array_key_exists.php"
					},
					{
						"checksum": "925ec3f948c9d9f013becffec039d828b19326db",
						"file": "C:\/Users\/Aswin Kumar Dakka\/Downloads\/dvws-master (1)\/dvws-master\/vulnerabilities\/ssrf\/lib\/compat\/is_a.php"
					},
					{
						"checksum": "d97f6dfc71500d86c8f8d53fc71d928cea4ec3b2",
						"file": "C:\/Users\/Aswin Kumar Dakka\/Downloads\/dvws-master (1)\/dvws-master\/vulnerabilities\/ssrf\/lib\/compat\/is_callable.php"
					},
					{
						"checksum": "c5d69148d3f744d19546b59349b9ae3627e8524e",
						"file": "C:\/Users\/Aswin Kumar Dakka\/Downloads\/dvws-master (1)\/dvws-master\/vulnerabilities\/ssrf\/lib\/compat\/is_scalar.php"
					},
					{
						"checksum": "71d5a132535b5ae91856e453dd7683b25a6417d6",
						"file": "C:\/Users\/Aswin Kumar Dakka\/Downloads\/dvws-master (1)\/dvws-master\/vulnerabilities\/ssrf\/lib\/compat\/var_export.php"
					},
					{
						"checksum": "76dd3bed69dd501c0c3cc99806879ea1c4ea8bbe",
						"file": "C:\/Users\/Aswin Kumar Dakka\/Downloads\/dvws-master (1)\/dvws-master\/vulnerabilities\/ssrf\/lib\/compat\/version_compare.php"
					},
					{
						"checksum": "b54359e4e0356648144a39e14ca445908a235e43",
						"file": "C:\/Users\/Aswin Kumar Dakka\/Downloads\/dvws-master (1)\/dvws-master\/vulnerabilities\/ssrf\/server.php"
					},
					{
						"checksum": "dc8d31159a654b6e05353b5828941c9e549ec189",
						"file": "C:\/Users\/Aswin Kumar Dakka\/Downloads\/dvws-master (1)\/dvws-master\/vulnerabilities\/wsdlenum\/functions.php"
					},
					{
						"checksum": "f3c4bdbdc60cb80a846f04cf7419e617cb312e7b",
						"file": "C:\/Users\/Aswin Kumar Dakka\/Downloads\/dvws-master (1)\/dvws-master\/vulnerabilities\/wsdlenum\/index.php"
					},
					{
						"checksum": "5ac1804ab4acf8ee9a0ef01c4f54175d6652a71a",
						"file": "C:\/Users\/Aswin Kumar Dakka\/Downloads\/dvws-master (1)\/dvws-master\/vulnerabilities\/wsdlenum\/lib\/class.nusoap_base.php"
					},
					{
						"checksum": "ab532cd02d072448dd57851e6ad8e255f64ccbed",
						"file": "C:\/Users\/Aswin Kumar Dakka\/Downloads\/dvws-master (1)\/dvws-master\/vulnerabilities\/wsdlenum\/lib\/class.soap_fault.php"
					},
					{
						"checksum": "0ddb9d009a8d5f380580f4d9f2eeee5d94ddedb1",
						"file": "C:\/Users\/Aswin Kumar Dakka\/Downloads\/dvws-master (1)\/dvws-master\/vulnerabilities\/wsdlenum\/lib\/class.soap_parser.php"
					},
					{
						"checksum": "f74d3eb3608e51056afe2f887bf387cec323aeeb",
						"file": "C:\/Users\/Aswin Kumar Dakka\/Downloads\/dvws-master (1)\/dvws-master\/vulnerabilities\/wsdlenum\/lib\/class.soap_server.php"
					},
					{
						"checksum": "a40661d432fd79d832d195e9c5952ef0b870c624",
						"file": "C:\/Users\/Aswin Kumar Dakka\/Downloads\/dvws-master (1)\/dvws-master\/vulnerabilities\/wsdlenum\/lib\/class.soap_transport_http.php"
					},
					{
						"checksum": "5dcf8cdf9c335fec5acf37fcc20c01a6555c94b9",
						"file": "C:\/Users\/Aswin Kumar Dakka\/Downloads\/dvws-master (1)\/dvws-master\/vulnerabilities\/wsdlenum\/lib\/class.soap_val.php"
					},
					{
						"checksum": "bb94d560137fff645d0ce3ddaffb725c6e241703",
						"file": "C:\/Users\/Aswin Kumar Dakka\/Downloads\/dvws-master (1)\/dvws-master\/vulnerabilities\/wsdlenum\/lib\/class.soapclient.php"
					},
					{
						"checksum": "4d3f3780115f2b09199d193dfdf62e63bb7463dd",
						"file": "C:\/Users\/Aswin Kumar Dakka\/Downloads\/dvws-master (1)\/dvws-master\/vulnerabilities\/wsdlenum\/lib\/class.wsdl.php"
					},
					{
						"checksum": "7e1271456e91cbfd82252a58112b0bcc310431fb",
						"file": "C:\/Users\/Aswin Kumar Dakka\/Downloads\/dvws-master (1)\/dvws-master\/vulnerabilities\/wsdlenum\/lib\/class.wsdlcache.php"
					},
					{
						"checksum": "14d4a40bb209991226bedf0e54212dfce53a3050",
						"file": "C:\/Users\/Aswin Kumar Dakka\/Downloads\/dvws-master (1)\/dvws-master\/vulnerabilities\/wsdlenum\/lib\/class.xmlschema.php"
					},
					{
						"checksum": "42475caf245eb104760edcfef17b552d8038a7ac",
						"file": "C:\/Users\/Aswin Kumar Dakka\/Downloads\/dvws-master (1)\/dvws-master\/vulnerabilities\/wsdlenum\/lib\/nusoap.php"
					},
					{
						"checksum": "72cb30eb8cc21f3e93704d7988d142d125602302",
						"file": "C:\/Users\/Aswin Kumar Dakka\/Downloads\/dvws-master (1)\/dvws-master\/vulnerabilities\/wsdlenum\/lib\/nusoapmime.php"
					},
					{
						"checksum": "266570c36598ca6f146cc3ff78ef828e00845157",
						"file": "C:\/Users\/Aswin Kumar Dakka\/Downloads\/dvws-master (1)\/dvws-master\/vulnerabilities\/wsdlenum\/service.php"
					},
					{
						"checksum": "226f49e5bf86f8e9de86c5e9be53ca6e6c0f2fbc",
						"file": "C:\/Users\/Aswin Kumar Dakka\/Downloads\/dvws-master (1)\/dvws-master\/vulnerabilities\/xmlbomb\/process.php"
					},
					{
						"checksum": "422cea47d0194b697488e3363832a7c809deaa32",
						"file": "C:\/Users\/Aswin Kumar Dakka\/Downloads\/dvws-master (1)\/dvws-master\/vulnerabilities\/xmlbomb\/xmlbomb.php"
					},
					{
						"checksum": "f2ea03545bf63592f3b7a6d514da7b3fe124c09a",
						"file": "C:\/Users\/Aswin Kumar Dakka\/Downloads\/dvws-master (1)\/dvws-master\/vulnerabilities\/xpath\/xpath.php"
					},
					{
						"checksum": "7535075fdcc93cd06aec6da27ba2d282ec7086d4",
						"file": "C:\/Users\/Aswin Kumar Dakka\/Downloads\/dvws-master (1)\/dvws-master\/vulnerabilities\/xst\/xst.php"
					},
					{
						"checksum": "f330062753cb7c7238bce3bdad3ef71f6d10d2d6",
						"file": "C:\/Users\/Aswin Kumar Dakka\/Downloads\/dvws-master (1)\/dvws-master\/vulnerabilities\/xxe\/index.php"
					},
					{
						"checksum": "b6c2f16944fa67aebf4ca244d606ec17abfe7ca9",
						"file": "C:\/Users\/Aswin Kumar Dakka\/Downloads\/dvws-master (1)\/dvws-master\/vulnerabilities\/xxe2\/index.php"
					},
					{
						"checksum": "1b9397da9dda6aae8c12c445213a9b2874dba381",
						"file": "C:\/Users\/Aswin Kumar Dakka\/Downloads\/dvws-master (1)\/dvws-master\/vulnerabilities\/xxe2\/server.php"
					}
				],
				"name": "Open Source"
			},
			{
				"files_to_analyze": [
					{
						"checksum": null,
						"file": "dvws-master (1)\/dvws-master\/about.php"
					},
					{
						"checksum": null,
						"file": "dvws-master (1)\/dvws-master\/appinfo.php"
					},
					{
						"checksum": null,
						"file": "dvws-master (1)\/dvws-master\/index.php"
					},
					{
						"checksum": null,
						"file": "dvws-master (1)\/dvws-master\/instructions.php"
					},
					{
						"checksum": null,
						"file": "dvws-master (1)\/dvws-master\/sidebar.php"
					},
					{
						"checksum": null,
						"file": "dvws-master\/about\/index.php"
					},
					{
						"checksum": null,
						"file": "dvws-master\/about\/instructions.php"
					},
					{
						"checksum": null,
						"file": "dvws-master\/fonts\/glyphicons-halflings-regular.svg"
					},
					{
						"checksum": null,
						"file": "dvws-master\/vulnerabilities\/cmdi\/client.php"
					},
					{
						"checksum": null,
						"file": "dvws-master\/vulnerabilities\/cmdi\/jsonRPCClient.php"
					},
					{
						"checksum": null,
						"file": "dvws-master\/vulnerabilities\/cmdi\/jsonRPCServer.php"
					},
					{
						"checksum": null,
						"file": "dvws-master\/vulnerabilities\/cmdi\/process.php"
					},
					{
						"checksum": null,
						"file": "dvws-master\/vulnerabilities\/cmdi\/restrictedExample.php"
					},
					{
						"checksum": null,
						"file": "dvws-master\/vulnerabilities\/cmdi\/server.php"
					},
					{
						"checksum": null,
						"file": "dvws-master\/vulnerabilities\/cors\/client.php"
					},
					{
						"checksum": null,
						"file": "dvws-master\/vulnerabilities\/cors\/server.php"
					},
					{
						"checksum": null,
						"file": "dvws-master\/vulnerabilities\/jwt\/api.php"
					},
					{
						"checksum": null,
						"file": "dvws-master\/vulnerabilities\/jwt\/auth.php"
					},
					{
						"checksum": null,
						"file": "dvws-master\/vulnerabilities\/jwt\/login.php"
					},
					{
						"checksum": null,
						"file": "dvws-master\/vulnerabilities\/jwt\/login_token.php"
					},
					{
						"checksum": null,
						"file": "dvws-master\/vulnerabilities\/some\/index.php"
					},
					{
						"checksum": null,
						"file": "dvws-master\/vulnerabilities\/some\/token_generator.php"
					},
					{
						"checksum": null,
						"file": "dvws-master\/vulnerabilities\/sqli\/api.php"
					},
					{
						"checksum": null,
						"file": "dvws-master\/vulnerabilities\/sqli\/index.php"
					},
					{
						"checksum": null,
						"file": "dvws-master\/vulnerabilities\/sqli\/test.php"
					},
					{
						"checksum": null,
						"file": "dvws-master\/vulnerabilities\/ssrf\/index.php"
					},
					{
						"checksum": null,
						"file": "dvws-master\/vulnerabilities\/ssrf\/lib\/compat\/array_key_exists.php"
					},
					{
						"checksum": null,
						"file": "dvws-master\/vulnerabilities\/ssrf\/lib\/compat\/is_a.php"
					},
					{
						"checksum": null,
						"file": "dvws-master\/vulnerabilities\/ssrf\/lib\/compat\/is_callable.php"
					},
					{
						"checksum": null,
						"file": "dvws-master\/vulnerabilities\/ssrf\/lib\/compat\/is_scalar.php"
					},
					{
						"checksum": null,
						"file": "dvws-master\/vulnerabilities\/ssrf\/lib\/compat\/var_export.php"
					},
					{
						"checksum": null,
						"file": "dvws-master\/vulnerabilities\/ssrf\/lib\/compat\/version_compare.php"
					},
					{
						"checksum": null,
						"file": "dvws-master\/vulnerabilities\/ssrf\/lib\/xmlrpc.inc"
					},
					{
						"checksum": null,
						"file": "dvws-master\/vulnerabilities\/ssrf\/lib\/xmlrpc_wrappers.inc"
					},
					{
						"checksum": null,
						"file": "dvws-master\/vulnerabilities\/ssrf\/lib\/xmlrpcs.inc"
					},
					{
						"checksum": null,
						"file": "dvws-master\/vulnerabilities\/ssrf\/server.php"
					},
					{
						"checksum": null,
						"file": "dvws-master\/vulnerabilities\/wsdlenum\/functions.php"
					},
					{
						"checksum": null,
						"file": "dvws-master\/vulnerabilities\/wsdlenum\/index.php"
					},
					{
						"checksum": null,
						"file": "dvws-master\/vulnerabilities\/wsdlenum\/lib\/class.nusoap_base.php"
					},
					{
						"checksum": null,
						"file": "dvws-master\/vulnerabilities\/wsdlenum\/lib\/class.soap_fault.php"
					},
					{
						"checksum": null,
						"file": "dvws-master\/vulnerabilities\/wsdlenum\/lib\/class.soap_parser.php"
					},
					{
						"checksum": null,
						"file": "dvws-master\/vulnerabilities\/wsdlenum\/lib\/class.soap_server.php"
					},
					{
						"checksum": null,
						"file": "dvws-master\/vulnerabilities\/wsdlenum\/lib\/class.soap_transport_http.php"
					},
					{
						"checksum": null,
						"file": "dvws-master\/vulnerabilities\/wsdlenum\/lib\/class.soap_val.php"
					},
					{
						"checksum": null,
						"file": "dvws-master\/vulnerabilities\/wsdlenum\/lib\/class.soapclient.php"
					},
					{
						"checksum": null,
						"file": "dvws-master\/vulnerabilities\/wsdlenum\/lib\/class.wsdl.php"
					},
					{
						"checksum": null,
						"file": "dvws-master\/vulnerabilities\/wsdlenum\/lib\/class.wsdlcache.php"
					},
					{
						"checksum": null,
						"file": "dvws-master\/vulnerabilities\/wsdlenum\/lib\/class.xmlschema.php"
					},
					{
						"checksum": null,
						"file": "dvws-master\/vulnerabilities\/wsdlenum\/lib\/nusoap.php"
					},
					{
						"checksum": null,
						"file": "dvws-master\/vulnerabilities\/wsdlenum\/lib\/nusoapmime.php"
					},
					{
						"checksum": null,
						"file": "dvws-master\/vulnerabilities\/wsdlenum\/service.php"
					},
					{
						"checksum": null,
						"file": "dvws-master\/vulnerabilities\/xmlbomb\/process.php"
					},
					{
						"checksum": null,
						"file": "dvws-master\/vulnerabilities\/xmlbomb\/xmlbomb.php"
					},
					{
						"checksum": null,
						"file": "dvws-master\/vulnerabilities\/xpath\/xpath.php"
					},
					{
						"checksum": null,
						"file": "dvws-master\/vulnerabilities\/xst\/xst.php"
					},
					{
						"checksum": null,
						"file": "dvws-master\/vulnerabilities\/xxe\/index.php"
					},
					{
						"checksum": null,
						"file": "dvws-master\/vulnerabilities\/xxe2\/index.php"
					},
					{
						"checksum": null,
						"file": "dvws-master\/vulnerabilities\/xxe2\/server.php"
					}
				],
				"name": "JavaScript"
			},
			{
				"files_to_analyze": [
					{
						"checksum": null,
						"file": "dvws-master (1)\/dvws-master\/about.php"
					},
					{
						"checksum": null,
						"file": "dvws-master (1)\/dvws-master\/appinfo.php"
					},
					{
						"checksum": null,
						"file": "dvws-master (1)\/dvws-master\/bootstrap.php"
					},
					{
						"checksum": null,
						"file": "dvws-master (1)\/dvws-master\/index.php"
					},
					{
						"checksum": null,
						"file": "dvws-master (1)\/dvws-master\/instructions.php"
					},
					{
						"checksum": null,
						"file": "dvws-master (1)\/dvws-master\/sidebar.php"
					},
					{
						"checksum": null,
						"file": "dvws-master\/about\/index.php"
					},
					{
						"checksum": null,
						"file": "dvws-master\/about\/instructions.php"
					},
					{
						"checksum": null,
						"file": "dvws-master\/vulnerabilities\/cmdi\/client.php"
					},
					{
						"checksum": null,
						"file": "dvws-master\/vulnerabilities\/cmdi\/jsonRPCClient.php"
					},
					{
						"checksum": null,
						"file": "dvws-master\/vulnerabilities\/cmdi\/jsonRPCServer.php"
					},
					{
						"checksum": null,
						"file": "dvws-master\/vulnerabilities\/cmdi\/process.php"
					},
					{
						"checksum": null,
						"file": "dvws-master\/vulnerabilities\/cmdi\/restrictedExample.php"
					},
					{
						"checksum": null,
						"file": "dvws-master\/vulnerabilities\/cmdi\/server.php"
					},
					{
						"checksum": null,
						"file": "dvws-master\/vulnerabilities\/cors\/client.php"
					},
					{
						"checksum": null,
						"file": "dvws-master\/vulnerabilities\/cors\/server.php"
					},
					{
						"checksum": null,
						"file": "dvws-master\/vulnerabilities\/jwt\/api.php"
					},
					{
						"checksum": null,
						"file": "dvws-master\/vulnerabilities\/jwt\/auth.php"
					},
					{
						"checksum": null,
						"file": "dvws-master\/vulnerabilities\/jwt\/login.php"
					},
					{
						"checksum": null,
						"file": "dvws-master\/vulnerabilities\/jwt\/login_token.php"
					},
					{
						"checksum": null,
						"file": "dvws-master\/vulnerabilities\/some\/index.php"
					},
					{
						"checksum": null,
						"file": "dvws-master\/vulnerabilities\/some\/token_generator.php"
					},
					{
						"checksum": null,
						"file": "dvws-master\/vulnerabilities\/sqli\/api.php"
					},
					{
						"checksum": null,
						"file": "dvws-master\/vulnerabilities\/sqli\/index.php"
					},
					{
						"checksum": null,
						"file": "dvws-master\/vulnerabilities\/sqli\/test.php"
					},
					{
						"checksum": null,
						"file": "dvws-master\/vulnerabilities\/ssrf\/index.php"
					},
					{
						"checksum": null,
						"file": "dvws-master\/vulnerabilities\/ssrf\/lib\/compat\/array_key_exists.php"
					},
					{
						"checksum": null,
						"file": "dvws-master\/vulnerabilities\/ssrf\/lib\/compat\/is_a.php"
					},
					{
						"checksum": null,
						"file": "dvws-master\/vulnerabilities\/ssrf\/lib\/compat\/is_callable.php"
					},
					{
						"checksum": null,
						"file": "dvws-master\/vulnerabilities\/ssrf\/lib\/compat\/is_scalar.php"
					},
					{
						"checksum": null,
						"file": "dvws-master\/vulnerabilities\/ssrf\/lib\/compat\/var_export.php"
					},
					{
						"checksum": null,
						"file": "dvws-master\/vulnerabilities\/ssrf\/lib\/compat\/version_compare.php"
					},
					{
						"checksum": null,
						"file": "dvws-master\/vulnerabilities\/ssrf\/lib\/xmlrpc.inc"
					},
					{
						"checksum": null,
						"file": "dvws-master\/vulnerabilities\/ssrf\/lib\/xmlrpc_wrappers.inc"
					},
					{
						"checksum": null,
						"file": "dvws-master\/vulnerabilities\/ssrf\/lib\/xmlrpcs.inc"
					},
					{
						"checksum": null,
						"file": "dvws-master\/vulnerabilities\/ssrf\/server.php"
					},
					{
						"checksum": null,
						"file": "dvws-master\/vulnerabilities\/wsdlenum\/functions.php"
					},
					{
						"checksum": null,
						"file": "dvws-master\/vulnerabilities\/wsdlenum\/index.php"
					},
					{
						"checksum": null,
						"file": "dvws-master\/vulnerabilities\/wsdlenum\/lib\/class.nusoap_base.php"
					},
					{
						"checksum": null,
						"file": "dvws-master\/vulnerabilities\/wsdlenum\/lib\/class.soap_fault.php"
					},
					{
						"checksum": null,
						"file": "dvws-master\/vulnerabilities\/wsdlenum\/lib\/class.soap_parser.php"
					},
					{
						"checksum": null,
						"file": "dvws-master\/vulnerabilities\/wsdlenum\/lib\/class.soap_server.php"
					},
					{
						"checksum": null,
						"file": "dvws-master\/vulnerabilities\/wsdlenum\/lib\/class.soap_transport_http.php"
					},
					{
						"checksum": null,
						"file": "dvws-master\/vulnerabilities\/wsdlenum\/lib\/class.soap_val.php"
					},
					{
						"checksum": null,
						"file": "dvws-master\/vulnerabilities\/wsdlenum\/lib\/class.soapclient.php"
					},
					{
						"checksum": null,
						"file": "dvws-master\/vulnerabilities\/wsdlenum\/lib\/class.wsdl.php"
					},
					{
						"checksum": null,
						"file": "dvws-master\/vulnerabilities\/wsdlenum\/lib\/class.wsdlcache.php"
					},
					{
						"checksum": null,
						"file": "dvws-master\/vulnerabilities\/wsdlenum\/lib\/class.xmlschema.php"
					},
					{
						"checksum": null,
						"file": "dvws-master\/vulnerabilities\/wsdlenum\/lib\/nusoap.php"
					},
					{
						"checksum": null,
						"file": "dvws-master\/vulnerabilities\/wsdlenum\/lib\/nusoapmime.php"
					},
					{
						"checksum": null,
						"file": "dvws-master\/vulnerabilities\/wsdlenum\/service.php"
					},
					{
						"checksum": null,
						"file": "dvws-master\/vulnerabilities\/xmlbomb\/process.php"
					},
					{
						"checksum": null,
						"file": "dvws-master\/vulnerabilities\/xmlbomb\/xmlbomb.php"
					},
					{
						"checksum": null,
						"file": "dvws-master\/vulnerabilities\/xpath\/xpath.php"
					},
					{
						"checksum": null,
						"file": "dvws-master\/vulnerabilities\/xst\/xst.php"
					},
					{
						"checksum": null,
						"file": "dvws-master\/vulnerabilities\/xxe\/index.php"
					},
					{
						"checksum": null,
						"file": "dvws-master\/vulnerabilities\/xxe2\/index.php"
					},
					{
						"checksum": null,
						"file": "dvws-master\/vulnerabilities\/xxe2\/server.php"
					}
				],
				"name": "php"
			},
			{
				"files_to_analyze": [
					{
						"checksum": null,
						"file": "dvws-master\/vulnerabilities\/ssrf\/lib\/xmlrpc.inc"
					},
					{
						"checksum": null,
						"file": "dvws-master\/vulnerabilities\/ssrf\/lib\/xmlrpc_wrappers.inc"
					},
					{
						"checksum": null,
						"file": "dvws-master\/vulnerabilities\/ssrf\/lib\/xmlrpcs.inc"
					}
				],
				"name": "ASP"
			}
		]
	}
}